product_name,generated_description,latency_ms,input_tokens,output_tokens,cost_usd,candidate_a_description,candidate_b_description,selector_choice,selector_raw
Apple iPhone 15 Pro,"Meet the Apple iPhone 15 Pro - a compact smartphone that puts the A17 Pro chip and a 120 Hz ProMotion display at the center of the experience. The exterior combines a durable titanium frame with the shatter-resistant Ceramic Shield glass up front. USB-C fast charging is built right in, and the whole package is covered by a 1-year limited warranty.",4576.7,2140,147,8.202e-05,"Meet the Apple iPhone 15 Pro - a compact smartphone that puts the A17 Pro chip and a 120 Hz ProMotion display at the center of the experience. The exterior combines a durable titanium frame with the shatter-resistant Ceramic Shield glass up front. USB-C fast charging is built right in, and the whole package is covered by a 1-year limited warranty.","Meet the Apple iPhone 15 Pro - a compact smartphone that puts the A17 Pro chip at the heart of the experience. The 120 Hz ProMotion display delivers a seamless visual experience, while USB‑C fast charging gets you back to full speed quickly. The exterior combines a durable titanium frame with the protection of Ceramic Shield glass up front.",A,A
Samsung Galaxy S24 Ultra,"Capture life's moments in stunning detail with the Samsung Galaxy S24 Ultra. This powerhouse smartphone features a 200 MP camera, perfect for capturing crystal-clear photos and videos. The 120 Hz AMOLED display brings everything to life with vibrant colors and silky-smooth motion. And with S-Pen support, you can take your note-taking and creativity to the next level. The phone's Armor Aluminum frame and Gorilla Glass Victus ensure a durable design, backed by a 1-year limited warranty.",4108.8,2215,208,9.27e-05,"The Samsung Galaxy S24 Ultra is a powerhouse of a smartphone, boasting a 200 MP camera that captures life's moments in stunning detail. The S-Pen support unlocks a world of creative possibilities, while the 120 Hz AMOLED display delivers seamless visuals. Crafted with a sustainably sourced approach, this device features an Armor Aluminum frame and Gorilla Glass Victus for added durability. With a 1-year limited warranty, you can trust the Galaxy S24 Ultra to keep up with your active lifestyle.","Capture life's moments in stunning detail with the Samsung Galaxy S24 Ultra. This powerhouse smartphone features a 200 MP camera, perfect for capturing crystal-clear photos and videos. The 120 Hz AMOLED display brings everything to life with vibrant colors and silky-smooth motion. And with S-Pen support, you can take your note-taking and creativity to the next level. The phone's Armor Aluminum frame and Gorilla Glass Victus ensure a durable design, backed by a 1-year limited warranty.",B,B
Google Pixel 8 Pro,"The Google Pixel 8 Pro is a flagship smartphone that shines with its Tensor G3 chip, delivering seamless performance and efficient battery life. The 50 MP camera captures stunning photos, and the Magic Eraser feature helps remove unwanted objects from your shots. The device's compact design features a matte glass back and aluminum frame. With a 4.7/5 rating, you can trust the Pixel 8 Pro to meet your mobile needs, and Google backs it with a 1-year limited warranty.",3122.7,2188,200,8.984e-05,"The Google Pixel 8 Pro is a top-rated smartphone that delivers exceptional performance with its Tensor G3 chip. Capture life's moments with precision using the 50 MP camera, and easily remove unwanted objects from photos with Magic Eraser. The sleek design features a matte glass back and aluminum frame, and with a 4.7/5 rating, you can trust this device to meet your mobile needs. Plus, it's backed by a 1‑year limited warranty.","The Google Pixel 8 Pro is a flagship smartphone that shines with its Tensor G3 chip, delivering seamless performance and efficient battery life. The 50 MP camera captures stunning photos, and the Magic Eraser feature helps remove unwanted objects from your shots. The device's compact design features a matte glass back and aluminum frame. With a 4.7/5 rating, you can trust the Pixel 8 Pro to meet your mobile needs, and Google backs it with a 1-year limited warranty.",B,B
Sony WH‑1000XM5 Headphones,"Immerse yourself in pure sound with the Sony WH‑1000XM5 Headphones. These large headphones feature active noise cancelling and a battery life of up to 30 hours, so you can focus on your music or podcasts without interruptions. Bluetooth 5.2 connectivity ensures seamless pairing with your devices. The synthetic leather earcups provide a comfortable fit, and with a 1-year limited warranty, you can enjoy your listening experience with confidence.",3141.6,2167,177,8.652e-05,"Immerse yourself in your music with the Sony WH-1000XM5 Headphones. These large headphones feature active noise cancelling technology to block out distractions, while a 30-hour battery life keeps you listening all day. Bluetooth 5.2 connectivity ensures seamless pairing with your devices. The synthetic leather earcups provide a comfortable fit, and Sony covers each pair with a 1-year limited warranty.","Immerse yourself in pure sound with the Sony WH‑1000XM5 Headphones. These large headphones feature active noise cancelling and a battery life of up to 30 hours, so you can focus on your music or podcasts without interruptions. Bluetooth 5.2 connectivity ensures seamless pairing with your devices. The synthetic leather earcups provide a comfortable fit, and with a 1-year limited warranty, you can enjoy your listening experience with confidence.",B,B
Bose QuietComfort Ultra Earbuds,"Experience sound tailored to you with the Bose QuietComfort Ultra Earbuds. These earbuds feature CustomTune sound calibration, which adjusts to your unique hearing, and Advanced Noise Cancellation for a distraction-free listening experience. With an IPX4 rating, they're designed to withstand everyday life. The silicone ear tips ensure a comfortable fit, and Bose backs each pair with a 1-year limited warranty.",2678.9,2138,176,8.452e-05,"Experience sound tailored to you with the Bose QuietComfort Ultra Earbuds. These earbuds feature CustomTune sound calibration, which adjusts to your unique hearing, and Advanced Noise Cancellation for a distraction-free listening experience. With an IPX4 rating, they're designed to withstand everyday life. The silicone ear tips ensure a comfortable fit, and Bose backs each pair with a 1-year limited warranty.","Experience the purest sound with the Bose QuietComfort Ultra Earbuds. These earbuds feature CustomTune sound calibration, which ensures a tailored listening experience. Advanced ANC technology and an IPX4 rating keep you focused on your music in any environment. The award-winning design and comfortable silicone ear tips make them a pleasure to wear. With a 1-year limited warranty, you can trust these earbuds to deliver exceptional sound and performance.",A,A
Amazon Echo Dot (5th Gen),"Meet the Amazon Echo Dot (5th Gen) - a compact smart speaker that brings Alexa's voice assistant to life. This latest model features improved bass and a built-in temperature sensor, so you can stay connected and in control. The Echo Dot's sustainably sourced design wraps up in a recycled fabric mesh cover. With a 1-year limited warranty, you can trust this smart speaker to work seamlessly in your home.",3499.6,2119,169,8.284e-05,"The Amazon Echo Dot (5th Gen) is a compact smart speaker that brings the power of Alexa to your home. With its improved bass and temperature sensor, this device is perfect for controlling your living space. The Echo Dot's sustainably sourced design is a bonus, wrapped in a recycled fabric mesh exterior. And with a 1-year limited warranty, you can trust it to keep working as expected.","Meet the Amazon Echo Dot (5th Gen) - a compact smart speaker that brings Alexa's voice assistant to life. This latest model features improved bass and a built-in temperature sensor, so you can stay connected and in control. The Echo Dot's sustainably sourced design wraps up in a recycled fabric mesh cover. With a 1-year limited warranty, you can trust this smart speaker to work seamlessly in your home.",B,B
Dell XPS 13 9310 Laptop,"Experience the power and portability of the Dell XPS 13 9310 Laptop, featuring a 13.4″ FHD+ display that brings your content to life. At its core is an Intel Core i5 processor, paired with Thunderbolt 4 for seamless connectivity. The compact design makes it easy to take on the go, and the CNC aluminum and carbon-fiber palmrest add a touch of premium feel. Dell also backs this laptop with a 1-year limited hardware warranty for peace of mind.",7316.3,2217,200,9.162e-05,"The Dell XPS 13 9310 Laptop is a compact powerhouse that brings a 13.4″ FHD+ display and Intel Core i5 performance to your fingertips. The sleek design features Thunderbolt 4 for seamless connectivity. Built with durability in mind, the laptop's CNC aluminum exterior is paired with a carbon-fiber palmrest for a premium feel. With a 1-year limited hardware warranty, you can trust your investment will be protected.","Experience the power and portability of the Dell XPS 13 9310 Laptop, featuring a 13.4″ FHD+ display that brings your content to life. At its core is an Intel Core i5 processor, paired with Thunderbolt 4 for seamless connectivity. The compact design makes it easy to take on the go, and the CNC aluminum and carbon-fiber palmrest add a touch of premium feel. Dell also backs this laptop with a 1-year limited hardware warranty for peace of mind.",B,B
Apple MacBook Air 13″ (M3),"The Apple MacBook Air 13″ (M3) is a powerful and portable laptop that combines a fast M3 chip with an 18‑hour battery life. This energy-efficient design lets you stay productive on the go. The 1080p camera is perfect for video calls. The MacBook Air's sleek design is crafted from a recycled aluminum unibody, and it's backed by a 1‑year limited warranty.",8274.0,2187,197,8.988e-05,"The Apple MacBook Air 13″ (M3) is a powerhouse of productivity, driven by the M3 chip. This energy-efficient design lets you work for hours without worrying about power consumption. The 13″ display is paired with an 18-hour battery, giving you the freedom to create and collaborate all day. A 1080p camera ensures you look your best on video calls. Built from a durable recycled aluminum unibody, this MacBook Air is designed to last, and backed by a 1-year limited warranty.","The Apple MacBook Air 13″ (M3) is a powerful and portable laptop that combines a fast M3 chip with an 18‑hour battery life. This energy-efficient design lets you stay productive on the go. The 1080p camera is perfect for video calls. The MacBook Air's sleek design is crafted from a recycled aluminum unibody, and it's backed by a 1‑year limited warranty.",B,B
Microsoft Surface Pro 10,"The Microsoft Surface Pro 10 is a compact tablet that packs the power of an Intel Core Ultra processor. Its 13″ PixelSense display brings vibrant visuals to the table, and the detachable keyboard lets you switch between laptop and tablet modes seamlessly. The magnesium alloy chassis provides a durable foundation for this versatile device, and it's backed by a 1-year limited warranty.",4121.8,2130,167,8.35e-05,"The Microsoft Surface Pro 10 is a compact tablet that packs the power of an Intel Core Ultra processor. Its 13″ PixelSense display brings vibrant visuals to the table, and the detachable keyboard lets you switch between laptop and tablet modes seamlessly. The magnesium alloy chassis provides a durable foundation for this versatile device, and it's backed by a 1-year limited warranty.","Experience the ultimate in portability and productivity with the Microsoft Surface Pro 10. This compact device boasts a powerful Intel Core Ultra processor and a stunning 13″ PixelSense display. The detachable keyboard makes it easy to switch between laptop and tablet modes. The durable magnesium alloy chassis ensures a solid foundation for your work. With a 1-year limited warranty, you can trust the Surface Pro 10 to keep up with your demanding needs.",A,A
Garmin Forerunner 255,"Accurately track your runs with the Garmin Forerunner 255. This GPS watch features multi-band GPS for precise distance and pace tracking, as well as HRV status to monitor your body's stress levels. Its 14-day battery life means you can go longer without needing a recharge. Crafted from durable fiber-reinforced polymer, the Forerunner 255 is built to withstand the demands of your active lifestyle, and Garmin backs it with a 1-year limited warranty.",3472.1,2193,196,8.994e-05,"Take your running to the next level with the Garmin Forerunner 255. This GPS watch features multi-band GPS for accurate distance tracking and HRV status to monitor your body's stress levels. With up to 14 days of battery life, you can track your progress without worrying about recharging. Built with a durable fiber-reinforced polymer, this watch is designed to withstand the demands of your training, and it's backed by a 1-year limited warranty.","Accurately track your runs with the Garmin Forerunner 255. This GPS watch features multi-band GPS for precise distance and pace tracking, as well as HRV status to monitor your body's stress levels. Its 14-day battery life means you can go longer without needing a recharge. Crafted from durable fiber-reinforced polymer, the Forerunner 255 is built to withstand the demands of your active lifestyle, and Garmin backs it with a 1-year limited warranty.",B,B
Fitbit Charge 6,"Track your fitness journey with the Fitbit Charge 6, a wearable device that combines a heart-rate monitor with built-in GPS for accurate tracking of your runs, hikes, and daily activities. The sleek aluminum case comes in multiple color options to fit your personal style. With up to 7 days of battery life, you can wear it with confidence, knowing it will keep up with your active lifestyle. Fitbit backs it with a 1-year limited warranty.",7844.6,2148,186,8.612e-05,"Track your fitness journey with the Fitbit Charge 6, a wearable device that combines a heart-rate monitor with built-in GPS for accurate tracking of your runs, hikes, and daily activities. The sleek aluminum case comes in multiple color options to fit your personal style. With up to 7 days of battery life, you can wear it with confidence, knowing it will keep up with your active lifestyle. Fitbit backs it with a 1-year limited warranty.","Get a clearer picture of your fitness journey with the Fitbit Charge 6. This sleek, aluminum-cased tracker offers a heart-rate monitor to track your every beat and built-in GPS to map your routes. With up to 7 days of battery life, you can track your progress without worrying about recharging. Plus, it comes in multiple colors to match your personal style. Fitbit stands behind its quality with a 1-year limited warranty.",A,A
GoPro HERO12 Black,"Capture life's most epic moments with the GoPro HERO12 Black. This rugged camera shoots stunning 5.3K60 video, while HyperSmooth 6.0 ensures silky-smooth stabilization. With a large capacity and waterproof design that withstands depths of 10 meters, you can take it anywhere. Built from durable polycarbonate, the HERO12 Black is designed to keep up with your adventurous lifestyle, and GoPro backs it with a 1-year limited warranty.",8272.9,2208,214,9.284e-05,"Capture life's most epic moments with the GoPro HERO12 Black. This rugged camera shoots stunning 5.3K60 video, while HyperSmooth 6.0 ensures silky-smooth stabilization. With a large capacity and waterproof design that withstands depths of 10 meters, you can take it anywhere. Built from durable polycarbonate, the HERO12 Black is designed to keep up with your adventurous lifestyle, and GoPro backs it with a 1-year limited warranty.","Capture life's most epic moments with the GoPro HERO12 Black. This rugged camera shoots stunning 5.3K60 video and features HyperSmooth 6.0 image stabilization, ensuring your footage is smooth and professional-grade. Whether you're in or out of the water – up to 10 meters deep – the HERO12 Black has got you covered. Built with a large capacity, it's perfect for extended adventures. The durable polycarbonate body withstands the rigors of the great outdoors, and GoPro backs it with a 1-year limited warranty.",A,A
DJI Mini 4 Pro Drone,"Capture life's moments from new heights with the DJI Mini 4 Pro Drone. This compact, lightweight drone (under 250g) is designed for seamless flight, capturing 4K/60fps video with ease. Advanced omnidirectional obstacle sensing technology helps navigate through complex environments, ensuring a smooth flying experience. Built with durable composite plastic, the Mini 4 Pro is a reliable companion for your aerial adventures, backed by a 1-year limited warranty.",8808.1,2181,185,8.808e-05,"Capture life's moments from new heights with the DJI Mini 4 Pro Drone. This compact, lightweight drone (under 250g) is designed for seamless flight, capturing 4K/60fps video with ease. Advanced omnidirectional obstacle sensing technology helps navigate through complex environments, ensuring a smooth flying experience. Built with durable composite plastic, the Mini 4 Pro is a reliable companion for your aerial adventures, backed by a 1-year limited warranty.","Capture stunning aerial footage with the DJI Mini 4 Pro Drone. This compact drone delivers 4K/60fps video and omnidirectional obstacle sensing for confident flight. Weighing in at under 250 grams, it's easy to take on the go. Constructed from durable composite plastic, the Mini 4 Pro is built to withstand the demands of flight. DJI backs each drone with a 1-year limited warranty.",A,A
Nintendo Switch OLED,"Experience gaming on the go with the Nintendo Switch OLED. This versatile console seamlessly transitions between docked and handheld modes, offering a large 7″ OLED screen that brings vibrant visuals to life. With 64 GB of storage, you'll have ample space for your favorite games. The durable plastic chassis withstands the rigors of travel, and Nintendo backs it with a 1-year limited warranty.",5169.7,2134,171,8.398e-05,"Experience gaming on the go with the Nintendo Switch OLED. This versatile console seamlessly transitions between docked and handheld modes, offering a large 7″ OLED screen that brings vibrant visuals to life. With 64 GB of storage, you'll have ample space for your favorite games. The durable plastic chassis withstands the rigors of travel, and Nintendo backs it with a 1-year limited warranty.","Introducing the Nintendo Switch OLED, a gaming console that seamlessly transitions between docked and handheld modes. The 7″ OLED screen delivers stunning visuals, while 64 GB of storage provides ample space for your games and content. With a large capacity and versatile design, this console is perfect for playing on the go or at home. The plastic chassis keeps the console lightweight and durable, and it's backed by a 1-year limited warranty.",A,A
PlayStation 5 Slim,"Experience immersive gaming with the PlayStation 5 Slim. Its powerful hardware enables stunning visuals with ray tracing, while the haptic feedback controller delivers a new level of tactile feedback. The system is fueled by a 1 TB SSD, allowing for seamless game loading and performance. The compact plastic shell is durable and built to last, and the entire system is backed by a 1-year limited warranty.",7608.4,2132,175,8.418e-05,"Experience the future of gaming with the PlayStation 5 Slim. This powerful console brings ray tracing and immersive gameplay to your fingertips, paired with the haptic feedback controller that simulates real-world sensations. The 1 TB SSD ensures seamless loading and fast access to your games. The slim design is built with a durable plastic shell, and with a long-lasting battery, you can enjoy hours of uninterrupted gaming. Plus, it's backed by a 1-year limited warranty.","Experience immersive gaming with the PlayStation 5 Slim. Its powerful hardware enables stunning visuals with ray tracing, while the haptic feedback controller delivers a new level of tactile feedback. The system is fueled by a 1 TB SSD, allowing for seamless game loading and performance. The compact plastic shell is durable and built to last, and the entire system is backed by a 1-year limited warranty.",B,B
Xbox Series X,"Experience next-gen gaming with the Xbox Series X, boasting a 12 TFLOPS GPU that powers 4K resolution at 120 Hz. The 1 TB SSD ensures seamless loading and performance. A long-lasting design lets you focus on the action, not the battery life. The Xbox Series X features a sleek matte black casing that's as durable as it is stylish, and is backed by a 1-year limited warranty for peace of mind.",7893.3,2180,185,8.814e-05,"Experience the ultimate gaming performance with the Xbox Series X. This powerhouse console boasts a 12 TFLOPS GPU, delivering stunning visuals in 4K at 120 Hz. The 1 TB SSD ensures seamless loading and fast access to your games. The long-lasting design lets you focus on the action, not the battery life. The Xbox Series X is encased in a sleek matte black finish, and is backed by a 1-year limited warranty.","Experience next-gen gaming with the Xbox Series X, boasting a 12 TFLOPS GPU that powers 4K resolution at 120 Hz. The 1 TB SSD ensures seamless loading and performance. A long-lasting design lets you focus on the action, not the battery life. The Xbox Series X features a sleek matte black casing that's as durable as it is stylish, and is backed by a 1-year limited warranty for peace of mind.",B,B
Instant Pot Duo 6‑Quart,"Experience the versatility of the Instant Pot Duo 6-Quart, a 7-in-1 multicooker that's perfect for busy home cooks. This stainless steel inner pot 6-quart cooker can pressure cook, slow cook, sauté, steam, and more, all with a 1000 W heating element. Its compact and light design makes it easy to store and transport. The Instant Pot Duo is crafted from durable 18/8 stainless steel and comes with a 1-year limited warranty.",9210.7,2226,217,9.386e-05,"The Instant Pot Duo 6-Quart is a versatile 7-in-1 multicooker that's perfect for busy home cooks. With a stainless steel inner pot and 1000 W heating, it's designed to quickly and evenly cook a wide range of dishes. Weighing in at a light 14.5 pounds, it's easy to move around the kitchen. Constructed from durable 18/8 stainless steel, the Instant Pot Duo is built to last, and it's backed by a 1-year limited warranty.","Experience the versatility of the Instant Pot Duo 6-Quart, a 7-in-1 multicooker that's perfect for busy home cooks. This stainless steel inner pot 6-quart cooker can pressure cook, slow cook, sauté, steam, and more, all with a 1000 W heating element. Its compact and light design makes it easy to store and transport. The Instant Pot Duo is crafted from durable 18/8 stainless steel and comes with a 1-year limited warranty.",B,B
Keurig K‑Supreme Plus Smart,"Elevate your morning routine with the Keurig K‑Supreme Plus Smart. This large-capacity brewer features multistream extraction and BrewID technology, ensuring a rich and consistent flavor in every cup. A spacious 78 oz reservoir keeps you supplied, and the sleek design boasts brushed stainless steel accents. With a 1-year limited warranty, you can trust this brewer to deliver your favorite coffee and tea with ease.",7437.9,2159,187,8.696e-05,"Elevate your coffee routine with the Keurig K-Supreme Plus Smart. This large-capacity brewer boasts a 78 oz reservoir, perfect for busy households. Multistream extraction technology and BrewID work together to deliver a rich, full-bodied cup every time. The sleek design features brushed stainless steel accents, adding a touch of sophistication to your countertop. With a 1-year limited warranty, you can trust this brewer to provide years of reliable performance.","Elevate your morning routine with the Keurig K‑Supreme Plus Smart. This large-capacity brewer features multistream extraction and BrewID technology, ensuring a rich and consistent flavor in every cup. A spacious 78 oz reservoir keeps you supplied, and the sleek design boasts brushed stainless steel accents. With a 1-year limited warranty, you can trust this brewer to deliver your favorite coffee and tea with ease.",B,B
Vitamix 5200 Blender,"Unleash your culinary creativity with the Vitamix 5200 Blender. This powerhouse features a variable speed control and a robust 2-hp motor that effortlessly blends even the toughest ingredients. The self-cleaning design makes maintenance a breeze. The blender's BPA-free Tritan jar is built to withstand the rigors of daily use. And with a 7-year warranty, you can trust that your Vitamix 5200 will be a trusted companion in the kitchen for years to come.",7880.6,2168,189,8.782e-05,"Experience the power of the Vitamix 5200 Blender, a high-performance machine that lets you control the speed to suit your blending needs. Its 2-hp motor effortlessly handles tough ingredients, and the self-cleaning feature makes maintenance a breeze. The blender's BPA-free Tritan jar is a durable and sustainable choice, and Vitamix backs it with a 7-year warranty for long-lasting performance.","Unleash your culinary creativity with the Vitamix 5200 Blender. This powerhouse features a variable speed control and a robust 2-hp motor that effortlessly blends even the toughest ingredients. The self-cleaning design makes maintenance a breeze. The blender's BPA-free Tritan jar is built to withstand the rigors of daily use. And with a 7-year warranty, you can trust that your Vitamix 5200 will be a trusted companion in the kitchen for years to come.",B,B
Dyson V15 Detect Vacuum,"The Dyson V15 Detect Vacuum is a powerful cleaning solution that uses laser dust detection to identify hidden dust and dirt. With HEPA filtration, you can trust that 99.97% of particles as small as 0.3 microns are captured. The vacuum's 60-min run-time and energy-efficient design make it a convenient and eco-friendly choice. Its durable construction features a combination of polycarbonate and aluminum, and Dyson backs it with a 2-year parts and labor warranty.",8304.6,2184,203,9.026e-05,"The Dyson V15 Detect Vacuum is a powerful cleaning solution that uses laser dust detection to identify hidden dust and dirt. With HEPA filtration, you can trust that 99.97% of particles as small as 0.3 microns are captured. The vacuum's 60-min run-time and energy-efficient design make it a convenient and eco-friendly choice. Its durable construction features a combination of polycarbonate and aluminum, and Dyson backs it with a 2-year parts and labor warranty.","The Dyson V15 Detect Vacuum is a powerful cleaning tool that captures dust and dirt with ease. Its advanced laser dust detection system shows you where dirt and dust are hiding, while the HEPA filtration ensures 99.97% of particles are trapped. With up to 60 minutes of run-time, you can clean your home without interruption. The vacuum's durable construction features a combination of polycarbonate and aluminum, and it's backed by a 2-year parts and labor warranty.",A,A
iRobot Roomba j7+,"Meet the iRobot Roomba j7+, a vacuum that navigates with PrecisionVision, expertly mapping your space to clean every inch. With its self-emptying Clean Base, you can forget about frequent dustbin empties. Voice control with Alexa makes it easy to schedule cleanings or start a session from your couch. The Roomba j7+ is designed to deliver a seamless cleaning experience, all within a durable plastic housing, backed by a 1-year limited warranty.",6226.9,2142,183,8.55e-05,"Meet the iRobot Roomba j7+, a cutting-edge robot vacuum that navigates with precision using its advanced PrecisionVision technology. This self-emptying Clean Base model seamlessly empties its own dustbin, and with Alexa compatibility, you can control it with ease. The j7+ boasts an award-winning design that makes it a standout in any room, all while being protected by a 1-year limited warranty.","Meet the iRobot Roomba j7+, a vacuum that navigates with PrecisionVision, expertly mapping your space to clean every inch. With its self-emptying Clean Base, you can forget about frequent dustbin empties. Voice control with Alexa makes it easy to schedule cleanings or start a session from your couch. The Roomba j7+ is designed to deliver a seamless cleaning experience, all within a durable plastic housing, backed by a 1-year limited warranty.",B,B
Yeti Rambler 20 oz Tumbler,"The Yeti Rambler 20 oz Tumbler is a compact, portable companion for your favorite hot or cold beverages. Its double-wall vacuum insulation keeps drinks at the right temperature, while the MagSlider lid ensures a secure and spill-proof seal. Crafted from kitchen-grade stainless steel, this tumbler is built to last. Yeti stands behind its quality with a 5-year warranty.",6078.7,2133,161,8.28e-05,"The Yeti Rambler 20 oz Tumbler is a compact, portable companion for your favorite hot or cold beverages. Its double-wall vacuum insulation keeps drinks at the right temperature, while the MagSlider lid ensures a secure and spill-proof seal. Crafted from kitchen-grade stainless steel, this tumbler is built to last. Yeti stands behind its quality with a 5-year warranty.","Keep your drinks hot or cold with the Yeti Rambler 20 oz Tumbler. This compact, double-wall vacuum insulated tumbler is designed to maintain temperature, and the MagSlider lid makes sipping easy. Crafted from kitchen-grade stainless steel, the Rambler is built to last. Yeti stands behind its quality with a 5-year warranty.",A,A
Stanley Quencher H2.0 40 oz,"Stay refreshed on-the-go with the Stanley Quencher H2.0 40 oz. This tumbler is crafted from recycled stainless steel and features vacuum insulation to keep drinks hot or cold for hours. The flow-state lid makes sipping easy, and the cup-holder friendly design ensures it fits securely in your car's holder. With a lifetime warranty, you can trust this durable bottle to keep up with your active lifestyle.",6813.7,2148,176,8.52e-05,"Stay refreshed on-the-go with the Stanley Quencher H2.0 40 oz. This tumbler is crafted from recycled stainless steel and features vacuum insulation to keep drinks hot or cold for hours. The flow-state lid makes sipping easy, and the cup-holder friendly design ensures it fits securely in your car's holder. With a lifetime warranty, you can trust this durable bottle to keep up with your active lifestyle.","Stay refreshed on-the-go with the Stanley Quencher H2.0 40 oz. This tumbler is crafted from recycled stainless steel and features vacuum insulation to keep drinks hot or cold for hours. The flow-state lid makes sipping easy, and the cup-holder friendly design ensures it fits securely in your car's holder. With a lifetime warranty, you can trust this durable bottle to keep up with your active lifestyle.",A,A
Hydro Flask 32 oz Wide Mouth,"Stay refreshed on-the-go with the Hydro Flask 32 oz Wide Mouth. This compact, pro-grade stainless steel bottle features TempShield insulation to keep drinks hot or cold for hours. The Color Last powder coat finish resists fading, so your bottle stays looking great. With a lifetime warranty, you can trust this bottle to keep up with your active lifestyle.",5614.1,2098,150,7.992e-05,"Stay refreshed on-the-go with the Hydro Flask 32 oz Wide Mouth. This compact, pro-grade stainless steel bottle features TempShield insulation to keep drinks hot or cold for hours. The Color Last powder coat finish resists fading, so your bottle stays looking great. With a lifetime warranty, you can trust this bottle to keep up with your active lifestyle.","Stay refreshed on-the-go with the Hydro Flask 32 oz Wide Mouth. This compact tumbler is built with TempShield insulation to keep drinks hot or cold for hours. The durable pro-grade stainless steel construction is paired with a long-lasting Color Last powder coat finish. With a lifetime warranty, you can trust this insulated tumbler to keep up with your active lifestyle.",A,A
Contigo Autoseal West Loop 16 oz,"The Contigo Autoseal West Loop 16 oz is a compact, leak-proof tumbler designed for everyday use. Its autoseal spill-proof lid ensures that drinks stay contained, while double-wall insulation keeps beverages hot or cold for hours. Crafted from durable stainless steel, this tumbler is built to last. Plus, Contigo backs it with a lifetime warranty, giving you peace of mind for years to come.",8498.0,2126,166,8.304e-05,"Stay refreshed on-the-go with the Contigo Autoseal West Loop 16 oz. This compact tumbler features a spill-proof autoseal lid that ensures your drink stays inside, and double-wall insulation keeps beverages hot or cold for hours. Crafted from durable stainless steel, the West Loop is built to last, and Contigo covers it with a lifetime warranty.","The Contigo Autoseal West Loop 16 oz is a compact, leak-proof tumbler designed for everyday use. Its autoseal spill-proof lid ensures that drinks stay contained, while double-wall insulation keeps beverages hot or cold for hours. Crafted from durable stainless steel, this tumbler is built to last. Plus, Contigo backs it with a lifetime warranty, giving you peace of mind for years to come.",B,B
Nike Air Zoom Pegasus 40,"Description:
Take your run to the next level with the Nike Air Zoom Pegasus 40. Engineered mesh upper provides a smooth ride, while Zoom Air units deliver responsive cushioning. React foam absorbs impact, giving you a spring in your step. With a blend of textile and synthetic materials, this shoe is built to last. And with a 2-year manufacturer warranty, you can trust it to keep up with your active lifestyle.",6982.8,2139,185,8.58e-05,"Description:
Take your runs to the next level with the Nike Air Zoom Pegasus 40. This shoe features React foam for a responsive ride and Zoom Air units for added cushioning. The engineered mesh upper provides a comfortable, breathable fit. With a focus on energy efficiency, you can push your limits without holding back. Crafted from a combination of textile and synthetic materials, the Pegasus 40 is built to last, backed by a 2-year manufacturer warranty.","Description:
Take your run to the next level with the Nike Air Zoom Pegasus 40. Engineered mesh upper provides a smooth ride, while Zoom Air units deliver responsive cushioning. React foam absorbs impact, giving you a spring in your step. With a blend of textile and synthetic materials, this shoe is built to last. And with a 2-year manufacturer warranty, you can trust it to keep up with your active lifestyle.",B,B
Adidas Ultraboost Light,"Experience the comfort of Adidas Ultraboost Light, a shoe that combines a Light BOOST midsole with a Primeknit+ upper for a seamless fit. Continental rubber provides durable traction on various surfaces. With a 4.7/5 rating from satisfied customers, this shoe has earned a reputation for its blend of performance and style. Crafted from a mix of textile and synthetic materials, the Ultraboost Light is built to last, backed by a 2-year manufacturer warranty.",7867.2,2174,203,8.926e-05,"Experience the comfort and performance of the Adidas Ultraboost Light. This shoe features a Light BOOST midsole for a springy feel, while the Primeknit+ upper provides a snug, sock-like fit. Continental rubber ensures traction on various surfaces. With a 4.7/5 rating from satisfied customers, you can trust this shoe to deliver. Crafted from a blend of textile and synthetic materials, the Ultraboost Light is built to last, and backed by a 2-year manufacturer warranty.","Experience the comfort of Adidas Ultraboost Light, a shoe that combines a Light BOOST midsole with a Primeknit+ upper for a seamless fit. Continental rubber provides durable traction on various surfaces. With a 4.7/5 rating from satisfied customers, this shoe has earned a reputation for its blend of performance and style. Crafted from a mix of textile and synthetic materials, the Ultraboost Light is built to last, backed by a 2-year manufacturer warranty.",B,B
The North Face ThermoBall Eco Jacket,"Stay warm and sustainable with The North Face ThermoBall Eco Jacket. This compact, eco-friendly jacket features synthetic ThermoBall insulation that traps warmth without the weight. A DWR finish repels water and stains, while the 100% recycled nylon material ensures a reduced environmental footprint. With a lifetime warranty, you can trust this jacket to keep up with your active lifestyle.",10247.4,2101,148,7.994e-05,"Stay warm and sustainable with The North Face ThermoBall Eco Jacket. This compact, eco-friendly jacket features synthetic ThermoBall insulation that traps warmth without the weight. A DWR finish repels water and stains, while the 100% recycled nylon material ensures a reduced environmental footprint. With a lifetime warranty, you can trust this jacket to keep up with your active lifestyle.","Stay warm and eco-conscious with The North Face ThermoBall Eco Jacket. This compact, synthetic insulated jacket features ThermoBall insulation for reliable warmth and a durable DWR finish to repel water and stains. Crafted from 100% recycled nylon, the jacket combines functionality with sustainability. The North Face covers every detail with a lifetime warranty.",A,A
Patagonia Black Hole 32 L Backpack,"The Patagonia Black Hole 32 L Backpack is a reliable companion for your outdoor adventures. With a weather-resistant design and a large capacity, it's perfect for extended trips or daily commutes. The backpack features a laptop sleeve and padded straps for comfort and protection. Crafted from 100% recycled polyester ripstop, it's a sustainable choice for the modern explorer. And, with a lifetime warranty, you can trust it to keep up with you for years to come.",9716.6,2152,180,8.616e-05,"The Patagonia Black Hole 32 L Backpack is a large, weather-resistant pack designed to keep your gear dry in any conditions. The laptop sleeve provides dedicated protection for your device, while padded straps ensure a comfortable carry. Constructed from 100% recycled polyester ripstop, this backpack is built to last. And with a lifetime warranty, you can trust it to keep up with your adventures.","The Patagonia Black Hole 32 L Backpack is a reliable companion for your outdoor adventures. With a weather-resistant design and a large capacity, it's perfect for extended trips or daily commutes. The backpack features a laptop sleeve and padded straps for comfort and protection. Crafted from 100% recycled polyester ripstop, it's a sustainable choice for the modern explorer. And, with a lifetime warranty, you can trust it to keep up with you for years to come.",B,B
Osprey Farpoint 40,"Travel with ease and efficiency in the Osprey Farpoint 40. This versatile backpack features a stowaway harness for streamlined travel, a dedicated laptop sleeve for protection, and a carry-on size that fits most airline requirements. Crafted from 450D recycled nylon, the Farpoint 40 is built to last. With a lifetime warranty, you can trust Osprey to stand behind their product's durability and performance.",8053.2,2130,169,8.394e-05,"Travel with ease and efficiency using the Osprey Farpoint 40. This carry-on size pack features a stowaway harness for easy on and off, a dedicated laptop sleeve for protection, and a design that's optimized for energy efficiency. Made from durable 450D recycled nylon, the Farpoint 40 is built to last, and Osprey backs it with a lifetime warranty.","Travel with ease and efficiency in the Osprey Farpoint 40. This versatile backpack features a stowaway harness for streamlined travel, a dedicated laptop sleeve for protection, and a carry-on size that fits most airline requirements. Crafted from 450D recycled nylon, the Farpoint 40 is built to last. With a lifetime warranty, you can trust Osprey to stand behind their product's durability and performance.",B,B
LEGO Star Wars Millennium Falcon 75192,"Build the ultimate Star Wars experience with the LEGO Star Wars Millennium Falcon 75192. This massive model features 7,541 intricate pieces that bring the iconic spaceship to life. The detailed interior is a marvel, complete with intricate designs and a treasure trove of hidden details. A wealth of minifigures are included to add to the play value. Constructed from high-quality ABS plastic bricks, this model is built to last, and LEGO stands behind it with a lifetime replacement of missing bricks.",5884.8,2187,203,9.072e-05,"Build the ultimate Star Wars experience with the LEGO Star Wars Millennium Falcon 75192. This iconic spaceship comes with 7,541 intricate pieces, allowing you to recreate every detail of the beloved vessel. The interior is just as impressive, with a wealth of hidden features and details waiting to be discovered. The set includes a range of minifigures, and is crafted from high-quality ABS plastic bricks. With a lifetime replacement warranty for missing bricks, you can focus on building, not replacing.","Build the ultimate Star Wars experience with the LEGO Star Wars Millennium Falcon 75192. This massive model features 7,541 intricate pieces that bring the iconic spaceship to life. The detailed interior is a marvel, complete with intricate designs and a treasure trove of hidden details. A wealth of minifigures are included to add to the play value. Constructed from high-quality ABS plastic bricks, this model is built to last, and LEGO stands behind it with a lifetime replacement of missing bricks.",B,B
LEGO Icons Botanical Orchid 10311,"Bring the beauty of nature indoors with the LEGO Icons Botanical Orchid 10311. This decorative set features 608 intricate pieces, including adjustable blooms that allow you to customize the look of your orchid. With multiple color options to choose from, you can match your orchid to any home decor. Crafted from high-quality ABS plastic bricks, this model is built to last. And with a lifetime replacement of missing bricks, you can enjoy your orchid worry-free.",7305.7,2169,198,8.926e-05,"Bring the beauty of nature indoors with the LEGO Icons Botanical Orchid 10311. This intricate, decorative set features 608 pieces, including adjustable blooms that allow you to customize the look of your orchid. With multiple color options to choose from, you can match your orchid to your unique style. Crafted from high-quality ABS plastic bricks, this set is built to last. And, with a lifetime warranty on missing bricks, you can enjoy your orchid with peace of mind.","Bring the beauty of nature indoors with the LEGO Icons Botanical Orchid 10311. This decorative set features 608 intricate pieces, including adjustable blooms that allow you to customize the look of your orchid. With multiple color options to choose from, you can match your orchid to any home decor. Crafted from high-quality ABS plastic bricks, this model is built to last. And with a lifetime replacement of missing bricks, you can enjoy your orchid worry-free.",B,B
Kindle Paperwhite 11th Gen,"Get lost in a good book with the Kindle Paperwhite 11th Gen. Its 6.8″ glare-free display reads like paper, even in bright sunlight. With a 10-week battery, you can enjoy your favorite stories without worrying about running out of power. The compact design slips easily into a bag or purse, and the device is crafted from recycled plastic. Plus, it's backed by a 1-year limited warranty.",8031.8,2169,186,8.742e-05,"Get lost in a good book with the Kindle Paperwhite 11th Gen. This compact e-reader boasts a 6.8″ glare-free display that makes reading a pleasure, wherever you are. With a battery that lasts up to 10 weeks, you can enjoy your favorite stories without worrying about recharging. The device is crafted from recycled plastic and features a convenient USB-C port for easy charging. Plus, it's backed by a 1-year limited warranty.","Get lost in a good book with the Kindle Paperwhite 11th Gen. Its 6.8″ glare-free display reads like paper, even in bright sunlight. With a 10-week battery, you can enjoy your favorite stories without worrying about running out of power. The compact design slips easily into a bag or purse, and the device is crafted from recycled plastic. Plus, it's backed by a 1-year limited warranty.",B,B
Kobo Libra 2,"Experience the joy of reading with the Kobo Libra 2, featuring a 7″ E Ink Carta display that brings words to life. This lightweight e-reader pairs perfectly with Bluetooth audiobooks, allowing you to switch seamlessly between reading and listening. The IPX8 waterproof design means you can enjoy your library by the pool or at the beach without worry. A durable plastic chassis houses the technology, and Kobo stands behind it with a 1-year limited warranty.",9008.1,2185,209,9.056e-05,"Discover a reading experience that's as comfortable as it is convenient with the Kobo Libra 2. This e-reader boasts a 7″ E Ink Carta display, perfect for reading in any light, and pairs seamlessly with Bluetooth audiobooks for a multi-sensory experience. The waterproof IPX8 rating means you can enjoy your books without worrying about accidents. Weighing in at a light, the Kobo Libra 2 is designed for long reading sessions, and it's backed by a 1-year limited warranty.","Experience the joy of reading with the Kobo Libra 2, featuring a 7″ E Ink Carta display that brings words to life. This lightweight e-reader pairs perfectly with Bluetooth audiobooks, allowing you to switch seamlessly between reading and listening. The IPX8 waterproof design means you can enjoy your library by the pool or at the beach without worry. A durable plastic chassis houses the technology, and Kobo stands behind it with a 1-year limited warranty.",B,B
Anker Soundcore Motion+ Speaker,"Experience powerful sound on the go with the Anker Soundcore Motion+ Speaker. This portable speaker delivers 30W of audio and supports Hi-Res audio for a rich listening experience. With an IPX7 waterproof design, you can take it to the beach or pool without worry. The aluminum grille adds a touch of durability, and Anker's 18-month warranty provides peace of mind for your investment.",3055.7,2131,168,8.366e-05,"Experience powerful sound on-the-go with the Anker Soundcore Motion+ Speaker. This compact speaker delivers 30W of audio and supports Hi-Res playback for crystal-clear sound. With an IPX7 waterproof rating, you can take it to the beach or pool without worry. The aluminum grille adds a touch of premium feel, and Anker backs it with an 18-month warranty for peace of mind.","Experience powerful sound on the go with the Anker Soundcore Motion+ Speaker. This portable speaker delivers 30W of audio and supports Hi-Res audio for a rich listening experience. With an IPX7 waterproof design, you can take it to the beach or pool without worry. The aluminum grille adds a touch of durability, and Anker's 18-month warranty provides peace of mind for your investment.",B,B
Sonos Move 2,"Experience the freedom to move with the Sonos Move 2. This portable speaker seamlessly connects to your home WiFi or Bluetooth network, and its 24-hour battery life keeps the music going all day. Automatic Trueplay tuning ensures a rich, immersive sound wherever you place it. The shock-resistant shell protects the Move 2 from bumps and drops, and Sonos backs each one with a 1-year limited warranty.",3657.7,2149,169,8.44e-05,"Experience the freedom to move with the Sonos Move 2. This portable speaker seamlessly connects to your home WiFi or Bluetooth network, and its 24-hour battery life keeps the music going all day. Automatic Trueplay tuning ensures a rich, immersive sound wherever you place it. The shock-resistant shell protects the Move 2 from bumps and drops, and Sonos backs each one with a 1-year limited warranty.","Experience music freedom with the Sonos Move 2. This portable speaker combines seamless WiFi and Bluetooth connectivity with a 24-hour battery life, ensuring you can stream your favorite tunes wherever you are. Sonos' automatic Trueplay technology optimizes sound for any environment. The shock-resistant shell protects the Move 2 from bumps and drops. Enjoy a top-rated speaker, backed by a 1-year limited warranty.",A,A
Philips Hue White & Color Ambiance Starter Kit,"Experience the full spectrum of color with the Philips Hue White & Color Ambiance Starter Kit. This limited-edition kit allows you to control 16 million colors with ease, thanks to its Bluetooth and Zigbee connectivity. Voice control makes it simple to adjust the lighting to suit your mood. The bulbs themselves are crafted from plastic, and each kit comes with a 2-year limited warranty for added peace of mind.",7741.1,2147,181,8.572e-05,"Transform your space with the Philips Hue White & Color Ambiance Starter Kit. This starter kit lets you create a world of 16 million colors, all controlled through Bluetooth and Zigbee connectivity. Plus, enjoy seamless voice control for effortless adjustments. The limited edition kit is a unique addition to any room, and Philips Hue's plastic bulbs are designed to bring your vision to life. With a 2-year limited warranty, you can trust this kit to shine for years to come.","Experience the full spectrum of color with the Philips Hue White & Color Ambiance Starter Kit. This limited-edition kit allows you to control 16 million colors with ease, thanks to its Bluetooth and Zigbee connectivity. Voice control makes it simple to adjust the lighting to suit your mood. The bulbs themselves are crafted from plastic, and each kit comes with a 2-year limited warranty for added peace of mind.",B,B
TP‑Link Deco XE75 Mesh WiFi 6E,"Description:
Stay connected throughout your home with the TP-Link Deco XE75 Mesh WiFi 6E. This tri-band AXE5400 system provides a strong signal across 7,200 square feet, thanks to its three-pack design. A long-lasting battery ensures reliable performance, and each unit is crafted from durable plastic. With a 2-year limited warranty, you can trust this system to keep your devices online for years to come.",4782.8,2205,182,8.934e-05,"Experience seamless WiFi coverage with the TP-Link Deco XE75 Mesh WiFi 6E. This tri-band AXE5400 system is designed to provide fast and reliable connections across your home, covering up to 7,200 sq ft with a 3-pack setup. Long-lasting batteries power the system, ensuring continuous coverage. The Deco XE75 is crafted from durable plastic and backed by a 2-year limited warranty.","Description:
Stay connected throughout your home with the TP-Link Deco XE75 Mesh WiFi 6E. This tri-band AXE5400 system provides a strong signal across 7,200 square feet, thanks to its three-pack design. A long-lasting battery ensures reliable performance, and each unit is crafted from durable plastic. With a 2-year limited warranty, you can trust this system to keep your devices online for years to come.",B,B
Eufy Video Doorbell Dual,"The Eufy Video Doorbell Dual offers a unique dual-camera setup for a wider field of view, paired with 2K resolution for crisp video. This feature-rich doorbell also includes package detection, alerting you to potential deliveries. The long-lasting battery ensures uninterrupted monitoring without the need for frequent recharging. The compact plastic housing keeps the design sleek and discreet. With a 1-year limited warranty, you can trust Eufy to support your smart home security needs.",9716.9,2154,198,8.776e-05,"Description:
Stay safe and secure with the Eufy Video Doorbell Dual, featuring a dual camera setup that provides a clear 2K resolution view of your front porch. Package detection is built in, alerting you to any unexpected deliveries. The long-lasting battery ensures you don't have to worry about recharging, and the plastic housing keeps the device protected from the elements. With a 1-year limited warranty, you can trust Eufy to support your smart home security needs.","The Eufy Video Doorbell Dual offers a unique dual-camera setup for a wider field of view, paired with 2K resolution for crisp video. This feature-rich doorbell also includes package detection, alerting you to potential deliveries. The long-lasting battery ensures uninterrupted monitoring without the need for frequent recharging. The compact plastic housing keeps the design sleek and discreet. With a 1-year limited warranty, you can trust Eufy to support your smart home security needs.",B,B
Blink Outdoor 4,"The Blink Outdoor 4 is a weather-resistant, 1080p HD camera designed to capture clear footage in any condition. Its 2-year battery life means you can rely on it to keep an eye on your home or business without needing frequent replacements. Crafted from durable plastic, this limited edition camera is built to withstand the elements. Plus, Blink backs it with a 1-year limited warranty for added peace of mind.",9258.7,2129,170,8.374e-05,"The Blink Outdoor 4 is a weather-resistant, 1080p HD camera designed to capture clear footage in any condition. Its 2-year battery life means you can rely on it to keep an eye on your home or business without needing frequent replacements. Crafted from durable plastic, this limited edition camera is built to withstand the elements. Plus, Blink backs it with a 1-year limited warranty for added peace of mind.","The Blink Outdoor 4 is a weather-resistant security camera that captures crisp 1080p HD footage. Its 2-year battery life ensures you can rely on it to keep watch without frequent recharging. This limited edition model is built to withstand the elements, and its plastic construction is designed to be durable. With a 1-year limited warranty, you can count on Blink to back its products.",A,A
Corsair K100 RGB Keyboard,"The Corsair K100 RGB Keyboard is a high-performance keyboard designed for gamers and typists alike. Its large capacity and aluminum frame provide a sturdy base for the Cherry MX Speed switches, which deliver fast and precise actuation. With 4000 Hz polling, you can expect smooth and responsive key registration. The keyboard's brushed aluminum construction adds a touch of premium feel, and Corsair backs it with a 2-year warranty.",8223.9,2133,167,8.396e-05,"The Corsair K100 RGB Keyboard is a high-performance keyboard designed for gamers and typists alike. Its large capacity and aluminum frame provide a sturdy base for the Cherry MX Speed switches, which deliver fast and precise actuation. With 4000 Hz polling, you can expect smooth and responsive key registration. The keyboard's brushed aluminum construction adds a touch of premium feel, and Corsair backs it with a 2-year warranty.","Elevate your gaming experience with the Corsair K100 RGB Keyboard. Its Cherry MX Speed switches deliver fast and precise actuation, while the 4000 Hz polling rate ensures seamless keyboard communication. The keyboard's large capacity and brushed aluminum frame provide a sturdy and premium feel. With a 2-year warranty, you can trust this keyboard to keep up with your competitive gaming needs.",A,A
Logitech MX Master 3S,"Experience the precision of the Logitech MX Master 3S, designed for high-performance tasks. Its 8K DPI sensor tracks every movement with accuracy, while the MagSpeed scroll lets you fly through documents and web pages. With seamless connectivity via Bolt and Bluetooth, you can work efficiently across multiple devices. Available in multiple color options, this ergonomic mouse is crafted from durable plastic. Backed by a 1-year limited warranty, it's built to keep up with your demanding workflow.",8364.2,2140,180,8.512e-05,"Elevate your productivity with the Logitech MX Master 3S. This advanced mouse boasts an 8K DPI sensor for precise navigation and a MagSpeed scroll wheel for effortless browsing. Plus, it connects seamlessly via Bolt and Bluetooth for a reliable workflow. Available in multiple color options, the MX Master 3S is crafted from durable plastic and backed by a 1-year limited warranty.","Experience the precision of the Logitech MX Master 3S, designed for high-performance tasks. Its 8K DPI sensor tracks every movement with accuracy, while the MagSpeed scroll lets you fly through documents and web pages. With seamless connectivity via Bolt and Bluetooth, you can work efficiently across multiple devices. Available in multiple color options, this ergonomic mouse is crafted from durable plastic. Backed by a 1-year limited warranty, it's built to keep up with your demanding workflow.",B,B
Razer DeathAdder V3 Pro,"Elevate your gaming experience with the Razer DeathAdder V3 Pro, a precision mouse designed for swift and accurate movements. This ultralight 63g mouse glides smoothly across surfaces, thanks to its ergonomic design. The 30K DPI Focus Pro sensor delivers high-speed tracking, and a long-lasting battery ensures uninterrupted gameplay. Razer's 2-year warranty provides peace of mind for your investment in gaming performance.",7519.8,2157,182,8.646e-05,"Elevate your gaming experience with the Razer DeathAdder V3 Pro, a precision mouse that weighs in at just 63 grams. The 30K DPI Focus Pro sensor delivers exceptional accuracy, while the long-lasting battery keeps you gaming for hours on end. Crafted from durable plastic, this mouse is built to withstand the demands of competitive play. Razer backs it with a 2-year warranty, so you can focus on your game.","Elevate your gaming experience with the Razer DeathAdder V3 Pro, a precision mouse designed for swift and accurate movements. This ultralight 63g mouse glides smoothly across surfaces, thanks to its ergonomic design. The 30K DPI Focus Pro sensor delivers high-speed tracking, and a long-lasting battery ensures uninterrupted gameplay. Razer's 2-year warranty provides peace of mind for your investment in gaming performance.",B,B
Samsung 980 Pro 2 TB NVMe SSD,"Unleash next-level performance with the Samsung 980 Pro 2 TB NVMe SSD. This high-speed drive is built for speed, leveraging PCIe 4.0 to deliver read speeds of up to 7,000 MB/s. A nickel coating adds durability, while the PCB and NAND flash construction ensure a robust build. With a 5-year limited warranty, you can trust this SSD to keep up with your demanding storage needs.",7920.6,2208,192,9.04e-05,"Experience lightning-fast storage with the Samsung 980 Pro 2 TB NVMe SSD. This high-performance drive leverages PCIe 4.0 to deliver read speeds of up to 7,000 MB/s, making it ideal for demanding applications. The nickel coating adds an extra layer of durability. Constructed with a robust PCB and NAND flash, this SSD is built to last. Backed by a 5-year limited warranty, you can trust it to keep up with your most intense computing needs.","Unleash next-level performance with the Samsung 980 Pro 2 TB NVMe SSD. This high-speed drive is built for speed, leveraging PCIe 4.0 to deliver read speeds of up to 7,000 MB/s. A nickel coating adds durability, while the PCB and NAND flash construction ensure a robust build. With a 5-year limited warranty, you can trust this SSD to keep up with your demanding storage needs.",B,B
Seagate Portable 5 TB HDD,"Description:
Stay organized and expand your storage with the Seagate Portable 5 TB HDD. This compact external drive connects via USB 3.0 for fast transfer speeds, and its 2.5″ form factor makes it easy to take on the go. With a plug-and-play design, you can simply plug it in and start accessing your files. Crafted from a durable plastic shell, it's built to last. And with a 1-year limited warranty, you can trust your data will be safe.",7423.4,2208,212,9.192e-05,"Description:
Store up to 5TB of files with the Seagate Portable 5TB HDD, a compact drive that connects via USB 3.0 for fast data transfer. Its 2.5"" form factor makes it easy to take on the go, and plug-and-play functionality gets you started right away. With a 4.7/5 rating from satisfied customers, this portable hard drive is a reliable choice, and its plastic shell provides a durable exterior that's protected by a 1-year limited warranty.","Description:
Stay organized and expand your storage with the Seagate Portable 5 TB HDD. This compact external drive connects via USB 3.0 for fast transfer speeds, and its 2.5″ form factor makes it easy to take on the go. With a plug-and-play design, you can simply plug it in and start accessing your files. Crafted from a durable plastic shell, it's built to last. And with a 1-year limited warranty, you can trust your data will be safe.",B,B
SanDisk Extreme PRO 128 GB SDXC,"Capture life's action-packed moments with the SanDisk Extreme PRO 128 GB SDXC. This rugged memory card delivers UHS-I U3 performance, allowing for rapid 200 MB/s read speeds. Whether you're shooting in the elements or submerged in water, the waterproof design ensures your footage remains secure. Crafted from durable plastic, it's built to withstand the demands of professional-grade equipment, and backed by a lifetime limited warranty.",7093.4,2158,176,8.62e-05,"Capture life's most epic moments with the SanDisk Extreme PRO 128 GB SDXC. This rugged memory card is built to withstand the elements, with a waterproof design that keeps your data safe. With UHS-I U3 speeds and 200 MB/s read rates, you can transfer files quickly and efficiently. The long-lasting design ensures your memories stay secure, and SanDisk backs it all up with a lifetime limited warranty.","Capture life's action-packed moments with the SanDisk Extreme PRO 128 GB SDXC. This rugged memory card delivers UHS-I U3 performance, allowing for rapid 200 MB/s read speeds. Whether you're shooting in the elements or submerged in water, the waterproof design ensures your footage remains secure. Crafted from durable plastic, it's built to withstand the demands of professional-grade equipment, and backed by a lifetime limited warranty.",B,B
Kingston Fury Beast 32 GB DDR5,"Upgrade your gaming PC with the Kingston Fury Beast 32 GB DDR5 RAM kit. This high-performance memory module boasts speeds of up to 6000 MT/s, ensuring seamless gameplay and fast data transfer. Plus, Intel XMP 3.0 support makes it easy to overclock and fine-tune your system. The low-profile heat spreader helps keep your system cool, and the aluminum construction provides a durable foundation. With a lifetime warranty, you can trust the Kingston Fury Beast to deliver reliable performance.",8102.9,2183,191,8.896e-05,"Upgrade your gaming PC with the Kingston Fury Beast 32 GB DDR5 RAM. This high-performance module operates at 6000 MT/s, ensuring seamless multitasking and fast loading times. Intel XMP 3.0 support allows for effortless overclocking, while the low-profile heat spreader keeps temperatures in check. Crafted with an aluminum heatspreader, this module is built to last, and backed by a lifetime warranty.","Upgrade your gaming PC with the Kingston Fury Beast 32 GB DDR5 RAM kit. This high-performance memory module boasts speeds of up to 6000 MT/s, ensuring seamless gameplay and fast data transfer. Plus, Intel XMP 3.0 support makes it easy to overclock and fine-tune your system. The low-profile heat spreader helps keep your system cool, and the aluminum construction provides a durable foundation. With a lifetime warranty, you can trust the Kingston Fury Beast to deliver reliable performance.",B,B
Acer Predator XB273U 27″ Monitor,"Immerse yourself in a world of high-performance gaming with the Acer Predator XB273U 27″ Monitor. This large, feature-packed display boasts a 2560×1440 resolution and a rapid 170 Hz refresh rate, paired with HDR400 for vivid color and contrast. The IPS panel ensures smooth visuals, and G-Sync compatibility helps eliminate screen tearing. The sturdy metal and plastic stand provides a solid foundation for your gaming sessions, all backed by a 3-year warranty.",4598.5,2208,188,9.096e-05,"Immerse yourself in the Acer Predator XB273U 27″ Monitor, a large display that delivers crisp visuals with its 2560×1440 resolution and 170 Hz refresh rate on an IPS panel. HDR400 enhances color accuracy, while G-Sync Compatible technology ensures smooth performance. The sturdy design features a metal and plastic stand, and Acer backs it with a 3-year warranty for long-term peace of mind.","Immerse yourself in a world of high-performance gaming with the Acer Predator XB273U 27″ Monitor. This large, feature-packed display boasts a 2560×1440 resolution and a rapid 170 Hz refresh rate, paired with HDR400 for vivid color and contrast. The IPS panel ensures smooth visuals, and G-Sync compatibility helps eliminate screen tearing. The sturdy metal and plastic stand provides a solid foundation for your gaming sessions, all backed by a 3-year warranty.",B,B
BenQ PD2725U 27″ Monitor,"Experience breathtaking color accuracy with the BenQ PD2725U 27″ Monitor, featuring a 4K UHD IPS display that covers 98% of the P3 color space. This stunning monitor is also equipped with Thunderbolt 3, allowing for fast data transfer and connectivity. Available in multiple color options, it's designed to fit seamlessly into any workspace. The durable metal stand ensures stability and longevity, and BenQ backs it all with a 3-year warranty.",6822.8,2184,190,8.9e-05,"Experience stunning color accuracy with the BenQ PD2725U 27″ Monitor. This 4K UHD IPS display boasts 98% P3 color gamut, ensuring vibrant and lifelike visuals. With Thunderbolt 3 connectivity, you can easily connect your devices and transfer data at high speeds. The monitor's metal stand provides a sturdy base, and BenQ backs it with a 3-year warranty for added peace of mind.","Experience breathtaking color accuracy with the BenQ PD2725U 27″ Monitor, featuring a 4K UHD IPS display that covers 98% of the P3 color space. This stunning monitor is also equipped with Thunderbolt 3, allowing for fast data transfer and connectivity. Available in multiple color options, it's designed to fit seamlessly into any workspace. The durable metal stand ensures stability and longevity, and BenQ backs it all with a 3-year warranty.",B,B
ASUS ProArt PA278QV Monitor,"The ASUS ProArt PA278QV Monitor delivers stunning color accuracy and detail on its 27″ 2560×1440 IPS display, covering 100% of the sRGB color gamut. Whether you're working with graphics or video, Calman Verified ensures precise color reproduction. The monitor's light weight makes it easy to position, and its metal stand provides a sturdy base. With a 3-year warranty, you can focus on your creative pursuits without worrying about your investment.",8506.4,2203,196,9.126e-05,"Elevate your creative workflow with the ASUS ProArt PA278QV Monitor. This 27″ IPS display boasts a crisp 2560×1440 resolution and 100% sRGB color accuracy, making it perfect for graphic designers and artists. Calman Verified ensures precise color representation. The monitor's light weight and sturdy metal stand make it easy to position and adjust. With a 3-year warranty, you can focus on creating without worrying about your investment.","The ASUS ProArt PA278QV Monitor delivers stunning color accuracy and detail on its 27″ 2560×1440 IPS display, covering 100% of the sRGB color gamut. Whether you're working with graphics or video, Calman Verified ensures precise color reproduction. The monitor's light weight makes it easy to position, and its metal stand provides a sturdy base. With a 3-year warranty, you can focus on your creative pursuits without worrying about your investment.",B,B
